{"cameraMode":{"drawMode":0,"name":"Shaded","section":"Shading Mode"},"sceneLighting":false,"audioPlay":false,"sceneViewState":{"m_AlwaysRefresh":false,"showFog":true,"showSkybox":false,"showFlares":true,"showImageEffects":true,"showParticleSystems":true,"showVisualEffectGraphs":true,"m_FxEnabled":true},"in2DMode":false,"pivot":{"x":0.7157013416290283,"y":1.348841905593872,"z":1.0243988037109376},"rotation":{"x":0.1211918294429779,"y":-0.43100860714912417,"z":0.05854227766394615,"w":0.8922555446624756},"size":1.6877288818359376,"orthographic":false}