{"cameraMode":{"drawMode":0,"name":"Shaded","section":"Shading Mode"},"sceneLighting":false,"audioPlay":false,"sceneViewState":{"m_AlwaysRefresh":false,"showFog":true,"showSkybox":false,"showFlares":true,"showImageEffects":true,"showParticleSystems":true,"showVisualEffectGraphs":true,"m_FxEnabled":true},"in2DMode":false,"pivot":{"x":0.44243764877319338,"y":-1.5443745851516724,"z":-4.112778186798096},"rotation":{"x":0.05520853400230408,"y":-0.9440229535102844,"z":0.24645662307739259,"w":0.2125832885503769},"size":6.454985618591309,"orthographic":false}