{"cameraMode":{"drawMode":0,"name":"Shaded","section":"Shading Mode"},"sceneLighting":false,"audioPlay":false,"sceneViewState":{"m_AlwaysRefresh":false,"showFog":true,"showSkybox":false,"showFlares":true,"showImageEffects":true,"showParticleSystems":true,"showVisualEffectGraphs":true,"m_FxEnabled":true},"in2DMode":false,"pivot":{"x":-0.12564730644226075,"y":5.039271354675293,"z":0.5226922035217285},"rotation":{"x":0.16308638453483582,"y":-0.6839472055435181,"z":0.16114702820777894,"w":0.6926941275596619},"size":8.080349922180176,"orthographic":false}