{"cameraMode":{"drawMode":0,"name":"Shaded","section":"Shading Mode"},"sceneLighting":false,"audioPlay":false,"sceneViewState":{"m_AlwaysRefresh":false,"showFog":true,"showSkybox":false,"showFlares":true,"showImageEffects":true,"showParticleSystems":true,"showVisualEffectGraphs":true,"m_FxEnabled":true},"in2DMode":false,"pivot":{"x":-0.10874581336975098,"y":5.123038291931152,"z":-0.000002384185791015625},"rotation":{"x":0.177667036652565,"y":-0.43426451086997988,"z":0.08780389279127121,"w":0.8787155151367188},"size":8.438645362854004,"orthographic":false}