{"cameraMode":{"drawMode":0,"name":"Shaded","section":"Shading Mode"},"sceneLighting":false,"audioPlay":false,"sceneViewState":{"m_AlwaysRefresh":false,"showFog":true,"showSkybox":false,"showFlares":true,"showImageEffects":true,"showParticleSystems":true,"showVisualEffectGraphs":true,"m_FxEnabled":true},"in2DMode":false,"pivot":{"x":2.5799999237060549,"y":2.559999942779541,"z":2.619999885559082},"rotation":{"x":-0.23002170026302339,"y":-0.07523937523365021,"z":0.017840029671788217,"w":-0.9701085090637207},"size":4.330127239227295,"orthographic":false}