{"cameraMode":{"drawMode":0,"name":"Shaded","section":"Shading Mode"},"sceneLighting":false,"audioPlay":false,"sceneViewState":{"m_AlwaysRefresh":false,"showFog":true,"showSkybox":false,"showFlares":true,"showImageEffects":true,"showParticleSystems":true,"showVisualEffectGraphs":true,"m_FxEnabled":true},"in2DMode":false,"pivot":{"x":-3.7845773696899416,"y":10.657299041748047,"z":-10.617084503173829},"rotation":{"x":0.17034946382045747,"y":-0.12086957693099976,"z":0.02105897106230259,"w":0.9777166247367859},"size":2.823723793029785,"orthographic":false}