{"cameraMode":{"drawMode":0,"name":"Shaded","section":"Shading Mode"},"sceneLighting":false,"audioPlay":false,"sceneViewState":{"m_AlwaysRefresh":false,"showFog":true,"showSkybox":false,"showFlares":true,"showImageEffects":true,"showParticleSystems":true,"showVisualEffectGraphs":true,"m_FxEnabled":true},"in2DMode":false,"pivot":{"x":-0.21000242233276368,"y":5.348038196563721,"z":-0.11625421047210694},"rotation":{"x":-0.14525212347507478,"y":-0.6611832976341248,"z":0.13265162706375123,"w":-0.7239823341369629},"size":8.438645362854004,"orthographic":false}