{"cameraMode":{"drawMode":0,"name":"Shaded","section":"Shading Mode"},"sceneLighting":false,"audioPlay":false,"sceneViewState":{"m_AlwaysRefresh":false,"showFog":true,"showSkybox":false,"showFlares":true,"showImageEffects":true,"showParticleSystems":true,"showVisualEffectGraphs":true,"m_FxEnabled":true},"in2DMode":false,"pivot":{"x":-3.444538116455078,"y":1.0178542137145997,"z":-0.024941764771938325},"rotation":{"x":0.1211918294429779,"y":-0.43100860714912417,"z":0.05854227766394615,"w":0.8922555446624756},"size":1.676039457321167,"orthographic":false}