{"cameraMode":{"drawMode":0,"name":"Shaded","section":"Shading Mode"},"sceneLighting":true,"audioPlay":false,"sceneViewState":{"m_AlwaysRefresh":false,"showFog":true,"showSkybox":true,"showFlares":true,"showImageEffects":true,"showParticleSystems":true,"showVisualEffectGraphs":true,"m_FxEnabled":true},"in2DMode":false,"pivot":{"x":-33.23754119873047,"y":-15.725926399230957,"z":216.7098846435547},"rotation":{"x":0.049805667251348498,"y":-0.23387351632118226,"z":0.012261142022907734,"w":0.9710193276405335},"size":127.270263671875,"orthographic":false}